<coordinator-app xmlns = "uri:oozie:coordinator:0.2" name =
   "hcoord_copydata_from_external_orc" frequency = "0/20 8-18 ? * 2-6" start =   "2018-04-02T08:00Z" end = "2025-03-29T18:00Z" timezone = "America/New York" >
   
   <controls>
      <timeout>1</timeout>
      <concurrency>1</concurrency>
      <execution>FIFO</execution>
      <throttle>1</throttle>
   </controls>
   <action>
      <workflow>
         <app-path>${nameNode}/user/maria_dev/oozie_casestudy/creditcard_oozie_workflow.xml</app-path>
      </workflow>
   </action>
	
</coordinator-app>
